metric,corr_with_score
gdp,0.789283996708511
life_expectancy,0.7424557422045489
social_support,0.6487993447517496
freedom,0.5512580029074609
corruption,0.3984178569492509
generosity,0.13757773385931926
