year,avg_score,countries
2015,5.37573417721519,158
2016,5.382184713375796,157
2017,5.354019355773926,155
2018,5.375916666666667,156
2019,5.407096153846154,156
